{
    "-3.1406135804588877--3.0406135804588876": 51,
    "-3.0406135804588876--2.9406135804588875": 37,
    "-2.9406135804588875--2.8406135804588875": 35,
    "-2.8406135804588875--2.7406135804588874": 46,
    "-2.7406135804588874--2.6406135804588873": 45,
    "-2.6406135804588873--2.540613580458887": 36,
    "-2.540613580458887--2.440613580458887": 41,
    "-2.440613580458887--2.340613580458887": 57,
    "-2.340613580458887--2.240613580458887": 68,
    "-2.240613580458887--2.140613580458887": 50,
    "-2.140613580458887--2.0406135804588867": 55,
    "-2.0406135804588867--1.9406135804588867": 65,
    "-1.9406135804588867--1.8406135804588866": 48,
    "-1.8406135804588866--1.7406135804588865": 63,
    "-1.7406135804588865--1.6406135804588864": 56,
    "-1.6406135804588864--1.5406135804588863": 50,
    "-1.5406135804588863--1.4406135804588862": 46,
    "-1.4406135804588862--1.3406135804588861": 43,
    "-1.3406135804588861--1.240613580458886": 49,
    "-1.240613580458886--1.140613580458886": 63,
    "-1.140613580458886--1.0406135804588859": 51,
    "-1.0406135804588859--0.9406135804588858": 58,
    "-0.9406135804588858--0.8406135804588857": 65,
    "-0.8406135804588857--0.7406135804588856": 59,
    "-0.7406135804588856--0.6406135804588855": 67,
    "-0.6406135804588855--0.5406135804588854": 52,
    "-0.5406135804588854--0.4406135804588853": 55,
    "-0.4406135804588853--0.34061358045888523": 55,
    "-0.34061358045888523--0.24061358045888515": 49,
    "-0.24061358045888515--0.14061358045888506": 45,
    "-0.14061358045888506--0.04061358045888497": 39,
    "-0.04061358045888497-0.05938641954111512": 45,
    "0.05938641954111512-0.1593864195411152": 51,
    "0.1593864195411152-0.2593864195411153": 40,
    "0.2593864195411153-0.3593864195411154": 65,
    "0.3593864195411154-0.4593864195411155": 54,
    "0.4593864195411155-0.5593864195411156": 57,
    "0.5593864195411156-0.6593864195411157": 82,
    "0.6593864195411157-0.7593864195411157": 66,
    "0.7593864195411157-0.8593864195411158": 70,
    "0.8593864195411158-0.9593864195411155": 65,
    "0.9593864195411155-1.059386419541116": 74,
    "1.059386419541116-1.1593864195411165": 74,
    "1.1593864195411165-1.2593864195411162": 72,
    "1.2593864195411162-1.3593864195411158": 79,
    "1.3593864195411158-1.4593864195411164": 78,
    "1.4593864195411164-1.559386419541117": 75,
    "1.559386419541117-1.6593864195411165": 81,
    "1.6593864195411165-1.7593864195411162": 82,
    "1.7593864195411162-1.8593864195411167": 87,
    "1.8593864195411167-1.9593864195411173": 81,
    "1.9593864195411173-2.059386419541117": 81,
    "2.059386419541117-2.1593864195411165": 93,
    "2.1593864195411165-2.259386419541117": 80,
    "2.259386419541117-2.3593864195411176": 89,
    "2.3593864195411176-2.4593864195411173": 71,
    "2.4593864195411173-2.559386419541117": 87,
    "2.559386419541117-2.6593864195411174": 75,
    "2.6593864195411174-2.759386419541118": 46,
    "2.759386419541118-2.8593864195411176": 43,
    "2.8593864195411176-2.9593864195411173": 56,
    "2.9593864195411173-3.059386419541118": 41,
    "3.059386419541118-3.1593864195411183": 38
}